{
  "entertainment": 0.03418803418803419,
  "food_dining": 0.03418803418803419,
  "gas_transport": 0.6388888888888888,
  "grocery_net": 0.36363636363636365,
  "grocery_pos": 1.0,
  "health_fitness": 0.041666666666666664,
  "home": 0.041666666666666664,
  "kids_pets": 0.041666666666666664,
  "misc_net": 1.0,
  "misc_pos": 0.041666666666666664,
  "personal_care": 0.03418803418803419,
  "shopping_net": 1.0,
  "shopping_pos": 0.6388888888888888,
  "travel": 0.041666666666666664
}