{
  "entertainment": 0.01639344262295082,
  "food_dining": 0.03418803418803419,
  "gas_transport": 0.01639344262295082,
  "grocery_net": 0.041666666666666664,
  "grocery_pos": 0.9411764705882353,
  "health_fitness": 0.03418803418803419,
  "home": 0.03418803418803419,
  "kids_pets": 0.03418803418803419,
  "misc_net": 0.9,
  "misc_pos": 0.041666666666666664,
  "personal_care": 0.03418803418803419,
  "shopping_net": 1.0,
  "shopping_pos": 0.041666666666666664,
  "travel": 0.03418803418803419
}