{
  "entertainment": 0.010526315789473684,
  "food_dining": 0.010526315789473684,
  "gas_transport": 0.034482758620689655,
  "grocery_net": 0.09722222222222222,
  "grocery_pos": 1.0,
  "health_fitness": 0.03508771929824561,
  "home": 0.034482758620689655,
  "kids_pets": 0.034482758620689655,
  "misc_net": 0.6666666666666666,
  "misc_pos": 0.09722222222222222,
  "personal_care": 0.034482758620689655,
  "shopping_net": 1.0,
  "shopping_pos": 0.26666666666666666,
  "travel": 0.09722222222222222
}