{
  "entertainment": 0.03508771929824561,
  "food_dining": 0.03508771929824561,
  "gas_transport": 0.26666666666666666,
  "grocery_net": 0.4375,
  "grocery_pos": 1.0,
  "health_fitness": 0.09722222222222222,
  "home": 0.09722222222222222,
  "kids_pets": 0.058823529411764705,
  "misc_net": 1.0,
  "misc_pos": 0.26666666666666666,
  "personal_care": 0.058823529411764705,
  "shopping_net": 1.0,
  "shopping_pos": 0.8333333333333334,
  "travel": 0.09722222222222222
}