{"unknown atm": 0.0020833333333333333, "spotify": 0.035416666666666666, "google pay": 0.075, "la banque postale": 0.035416666666666666, "unknown merchant": 0.0020833333333333333, "netto": 0.014583333333333334, "not_found": 0.46041666666666664, "atm withdrawal": 0.0020833333333333333, "aldi s\u00fcd": 0.0020833333333333333, "mercadona": 0.0020833333333333333, "uber eats": 0.04583333333333333, "rewe": 0.05625, "amazon": 0.11041666666666666, "unknown": 0.0125, "aliexpress": 0.03333333333333333, "carrefour market": 0.058333333333333334, "atm bank": 0.0020833333333333333, "mcdonald's": 0.03333333333333333, "apple": 0.016666666666666666}